park,summit,aspect,startyear,start.plantCover,start.meanCover,endyear,end.plantCover,end.meanCover,transition,change.cover,transNum,min.tmean,mean.tmean,max.tmean,sitelat,sitelong,siteelev,climPC1,climPC2,min.gdd,mean.gdd,max.gdd,min.snowdays,mean.snowdays,max.snowdays,min.aet,mean.aet,max.aet,min.pet,mean.pet,max.pet,min.gs.ppt,mean.gs.ppt,max.gs.ppt,min.wy.ppt,mean.wy.ppt,max.wy.ppt
GNP,BSN,E,2003,37.129999999999995,9.2825,2009,43.7,10.925,BSN1,6.57,1,11.746,13.912857142857142,15.7,48.465154,-113.311013,2387,1.305870104244535,3.1268296773432582,198,213,238,200,211.1428571428571,234,0.7997824441135878,0.9155180780632698,1.0249157857855296,1.0890155429317565,1.177694665270877,1.2760510447919546,152.98999999999998,243.68571428571423,348.88999999999993,998.0699999999996,1135.4171428571424,1345.039999999999
GNP,BSN,E,2009,43.7,10.925,2014,40.370000000000005,10.0925,BSN2,-3.329999999999991,2,12.786,14.955166666666667,17.648,48.465154,-113.311013,2387,1.6999470154403775,3.645764785636213,198,207.33333333333337,220,207,222.66666666666663,230,0.8954542766745134,1.016864462187866,1.1034239135548138,1.0687603355998805,1.1640858789910036,1.2684763035057025,196.99999999999997,255.81833333333333,336.32,1028.0899999999997,1259.5833333333333,1444.9199999999998
GNP,BSN,E,2014,40.370000000000005,10.0925,2019,35.690999999999995,8.92275,BSN3,-4.679000000000009,3,11.465,13.4595,15.365,48.465154,-113.311013,2387,0.953159629378111,2.823286951000328,189,217,245,183,211.16666666666663,227,0.6555143877760583,0.9009355873131428,1.063252084962255,1.1456235623778277,1.1979216808746271,1.2898940777015253,126.33,210.84333333333333,301.1700000000001,1025.4100000000003,1200.4066666666663,1316.3899999999994
GNP,BSN,N,2003,178.475,44.618750000000006,2009,131.81,32.9525,BSN1,-46.66499999999999,1,10.045,13.178857142857142,15.452,48.465154,-113.311013,2387,0.13132167951110155,1.8777321159864944,198,213,238,200,211.1428571428571,234,0.9665257368612968,1.1525310690520638,1.3762499238354893,1.5554635641159362,1.6821258001065622,1.8226102639292996,152.98999999999998,243.68571428571423,348.88999999999993,998.0699999999996,1135.4171428571424,1345.039999999999
GNP,BSN,N,2009,131.81,32.9525,2014,126.3,31.575000000000003,BSN2,-5.509999999999991,2,9.961,13.1575,14.65,48.465154,-113.311013,2387,0.6391239825440296,1.4955361399109912,198,207.33333333333337,220,207,222.66666666666663,230,1.08979981596928,1.2944466860961332,1.3762499238354893,1.5265326299407194,1.6626880874425192,1.8117911033077252,196.99999999999997,255.81833333333333,336.32,1028.0899999999997,1259.5833333333333,1444.9199999999998
GNP,BSN,N,2014,126.3,31.575000000000003,2019,116.9,29.225,BSN3,-9.400000000000006,3,10.615,12.399833333333333,13.963,48.465154,-113.311013,2387,-0.2366090276524059,1.4907427392753994,189,217,245,183,211.16666666666663,227,0.7655879677122652,1.1411319387941825,1.4346848473961529,1.6363179763937308,1.7110164674497823,1.842382555929584,126.33,210.84333333333333,301.1700000000001,1025.4100000000003,1200.4066666666663,1316.3899999999994
GNP,BSN,S,2003,53.28,13.32,2009,53.31999999999999,13.329999999999998,BSN1,0.03999999999999204,1,10.251,12.350285714285715,15.136,48.465154,-113.311013,2387,-0.6364215346559203,1.2546828937879404,198,213,238,200,211.1428571428571,234,1.0540835391940448,1.2783835688845664,1.5746384314292972,1.855481819227444,2.0065747033586634,2.1741558505616565,152.98999999999998,243.68571428571423,348.88999999999993,998.0699999999996,1135.4171428571424,1345.039999999999
GNP,BSN,S,2009,53.31999999999999,13.329999999999998,2014,49.510000000000005,12.3775,BSN2,-3.809999999999988,2,12.089,14.6015,17.347,48.465154,-113.311013,2387,-0.3034092315584183,2.2151864722804904,198,207.33333333333337,220,207,222.66666666666663,230,1.1460247329377935,1.431102177059862,1.5746384314292972,1.8209706782314217,1.9833878391417588,2.161249887159008,196.99999999999997,255.81833333333333,336.32,1028.0899999999997,1259.5833333333333,1444.9199999999998
GNP,BSN,S,2014,49.510000000000005,12.3775,2019,59.300999999999995,14.82525,BSN3,9.79099999999999,3,10.449,12.295666666666666,13.905,48.465154,-113.311013,2387,-0.9911656538174032,0.9987969175156268,189,217,245,183,211.16666666666663,227,0.820805864388214,1.267438403592362,1.6481518099511423,1.9519314535658965,2.041037810844669,2.1977418278724365,126.33,210.84333333333333,301.1700000000001,1025.4100000000003,1200.4066666666663,1316.3899999999994
GNP,BSN,W,2003,42.49,10.6225,2009,53.89999999999999,13.474999999999998,BSN1,11.40999999999999,1,10.53,11.855714285714285,13.186,48.465154,-113.311013,2387,-0.6860309084548742,0.8383995451364311,198,213,238,200,211.1428571428571,234,1.060238139736725,1.287282143157028,1.5886981193289618,1.8779628055258475,2.0308863284823797,2.200497886026828,152.98999999999998,243.68571428571423,348.88999999999993,998.0699999999996,1135.4171428571424,1345.039999999999
GNP,BSN,W,2009,53.89999999999999,13.474999999999998,2014,59.809999999999995,14.9525,BSN2,5.910000000000004,2,10.566,13.0175,15.299,48.465154,-113.311013,2387,-0.20412488593730743,1.2382536319078592,198,207.33333333333337,220,207,222.66666666666663,230,1.1489300268159597,1.4402570051208643,1.5886981193289618,1.8430335281299777,2.0074185326113025,2.187435554190161,196.99999999999997,255.81833333333333,336.32,1028.0899999999997,1259.5833333333333,1444.9199999999998
GNP,BSN,W,2014,59.809999999999995,14.9525,2019,65.954,16.4885,BSN3,6.143999999999998,3,10.234,12.0275,13.712,48.465154,-113.311013,2387,-1.024479772765233,0.8420225219035092,189,217,245,183,211.16666666666663,227,0.8243588223405997,1.2759427054304966,1.6631396388479347,1.97558102200053,2.065766990395039,2.224369630639267,126.33,210.84333333333333,301.1700000000001,1025.4100000000003,1200.4066666666663,1316.3899999999994
GNP,DGL,E,2003,27.799999999999997,6.95,2009,30.9,10.3,DGL1,3.100000000000005,1,11.361,13.394571428571428,15.164,48.424453,-113.312034,2245,-0.00118798867851464,2.5386217762993684,202,218.1428571428571,244,192,206.1428571428571,232,0.9050623896996808,1.0828215829768817,1.2707996350167916,1.4056588628567772,1.52799570817289,1.649555226484712,151.75,237.25142857142853,328.73,950,1085.997142857143,1306.6399999999994
GNP,DGL,E,2009,30.9,10.3,2014,28.56,9.52,DGL2,-2.34,2,12.038,14.876000000000001,17.126,48.424453,-113.312034,2245,0.3976624296312342,2.949474621033376,199,211.16666666666663,225,205,217.66666666666663,226,1.069248242434429,1.2119205032515148,1.2722969717793966,1.3891616750544855,1.5180937450509964,1.6495344652128956,192.10999999999993,246.28166666666664,320.6199999999999,996.0100000000002,1202.0483333333334,1379.31
GNP,DGL,E,2014,28.56,9.52,2019,27.85,9.283333333333331,DGL3,-0.7100000000000009,3,12.304,14.001833333333334,16.21,48.424453,-113.312034,2245,-0.4706739723016702,3.0546701863219554,198,223.16666666666663,251,181,206.33333333333337,222,0.7146659461991638,1.0545022101664854,1.3160680629780637,1.4906022467878606,1.5517971081734734,1.666231796492072,120.05,206.23166666666668,294.06000000000006,974.44,1152.3516666666665,1255.6799999999998
GNP,DGL,N,2003,2.5,2.5,2009,1.5,0.75,DGL1,-1,1,11.17,12.706857142857142,14.561,48.424453,-113.312034,2245,-0.10940336142453254,2.182074462687319,202,218.1428571428571,244,192,206.1428571428571,232,0.9221424955211464,1.1074415130982604,1.3086903346145853,1.4583528108312251,1.5852756987020329,1.711392119903297,151.75,237.25142857142853,328.73,950,1085.997142857143,1306.6399999999994
GNP,DGL,N,2009,1.5,0.75,2014,2.9000000000000004,1.4500000000000002,DGL2,1.4000000000000004,2,11.853,14.247333333333334,16.375,48.424453,-113.312034,2245,0.2891425348414067,2.580511333655061,199,211.16666666666663,225,205,217.66666666666663,226,1.0845969792547914,1.2393686050060668,1.3086903346145853,1.441237192783339,1.5750025405886818,1.711370580353475,192.10999999999993,246.28166666666664,320.6199999999999,996.0100000000002,1202.0483333333334,1379.31
GNP,DGL,N,2014,2.9000000000000004,1.4500000000000002,2019,6.6499999999999995,2.2166666666666663,DGL3,3.749999999999999,3,11.642,13.473833333333333,15.714,48.424453,-113.312034,2245,-0.5521840176687766,2.6634154518514377,198,223.16666666666663,251,181,206.33333333333337,222,0.7261766323397832,1.079194851884994,1.356588468304736,1.5464804682527775,1.6099693420245846,1.728693844658783,120.05,206.23166666666668,294.06000000000006,974.44,1152.3516666666665,1255.6799999999998
GNP,DGL,S,2003,21.3,7.1,2009,15.2,7.6,DGL1,-6.100000000000001,1,13.417,15.119857142857143,16.975,48.424453,-113.312034,2245,-1.6397156109548388,2.745949333873843,202,218.1428571428571,244,192,206.1428571428571,232,1.0678571867866635,1.317985126221927,1.6327860841336264,1.9648592218344296,2.1358642110541988,2.305782636404796,151.75,237.25142857142853,328.73,950,1085.997142857143,1306.6399999999994
GNP,DGL,S,2009,15.2,7.6,2014,26.31,8.77,DGL2,11.11,2,13.211,16.837,19.163,48.424453,-113.312034,2245,-1.1448067909541273,3.112927686086214,199,211.16666666666663,225,205,217.66666666666663,226,1.1802976162908765,1.4601528914775086,1.6327860841336264,1.941799109282093,2.1220230408610443,2.305753615866838,192.10999999999993,246.28166666666664,320.6199999999999,996.0100000000002,1202.0483333333334,1379.31
GNP,DGL,S,2014,26.31,8.77,2019,28.82,9.606666666666666,DGL3,2.5100000000000016,3,15.384,16.232166666666668,16.819,48.424453,-113.312034,2245,-2.157876224841627,3.367644148848378,198,223.16666666666663,251,181,206.33333333333337,222,0.8145853207942579,1.2857520143608905,1.708951097934741,2.0835948522644263,2.169134303478097,2.3290934931377985,120.05,206.23166666666668,294.06000000000006,974.44,1152.3516666666665,1255.6799999999998
GNP,DGL,W,2003,10.9,2.725,2009,10.1,2.525,DGL1,-0.8000000000000007,1,11.806,13.257,15.161,48.424453,-113.312034,2245,-1.4023373816344582,1.8096985281427052,202,218.1428571428571,244,192,206.1428571428571,232,1.0601246607353862,1.3068824381183362,1.6163883505056678,1.935375638274499,2.1038146218319804,2.271183345892773,151.75,237.25142857142853,328.73,950,1085.997142857143,1306.6399999999994
GNP,DGL,W,2009,10.1,2.525,2014,9.81,2.4525,DGL2,-0.2900000000000009,2,12.53,14.969833333333334,17.221,48.424453,-113.312034,2245,-0.9703177340495582,2.321887262214201,199,211.16666666666663,225,205,217.66666666666663,226,1.1763621602017211,1.4493850296040964,1.6163883505056678,1.9126615529325517,2.0901811445327603,2.2711547608208504,192.10999999999993,246.28166666666664,320.6199999999999,996.0100000000002,1202.0483333333334,1379.31
GNP,DGL,W,2014,9.81,2.4525,2019,11.25,2.8125,DGL3,1.4400000000000013,3,12.041,13.941833333333333,16.16,48.424453,-113.312034,2245,-1.806243884261167,2.2272779568226704,198,223.16666666666663,251,181,206.33333333333337,222,0.8104008713971105,1.2751950234552742,1.689874134880363,2.052329587939573,2.1365854817718786,2.2941444128878112,120.05,206.23166666666668,294.06000000000006,974.44,1152.3516666666665,1255.6799999999998
GNP,PKN,E,2004,17.95,5.983333333333333,2009,47.900000000000006,15.966666666666669,PKN1,29.950000000000006,1,9.45,11.346499999999999,13.252,48.5191,-113.446469,2493,7.902794286577315,2.886199665109479,179,192.66666666666663,207,234,245,262,0.37303291350575174,0.4434765917561545,0.49192896027065014,0.38677971903706854,0.4651918792650569,0.5235235675350383,207.16000000000008,379.55333333333334,516.24,1649.4699999999991,1918.2466666666664,2235.57
GNP,PKN,E,2009,47.900000000000006,15.966666666666669,2014,59.8,19.933333333333337,PKN2,11.899999999999991,2,9.346,12.974166666666667,16.618,48.5191,-113.446469,2493,8.69542352925337,3.807935989804364,174,187.16666666666663,199,234,254.16666666666663,268,0.33556088495108816,0.42336703915976515,0.4792563945277776,0.35166233190867424,0.4391631871361667,0.5068549554244898,280.76,372.91666666666663,507.18999999999994,1649.4699999999991,2076.23,2365.8299999999995
GNP,PKN,E,2014,59.8,19.933333333333337,2019,69,23,PKN3,9.200000000000005,3,11.567,13.4325,16.287,48.5191,-113.446469,2493,6.700913121682254,3.995203640993601,174,197.5,225,219,241.16666666666663,259,0.4047575227903724,0.4421833730014349,0.4928544749063994,0.422913237930162,0.4834306866557627,0.5275974192061227,205.18999999999997,301.98999999999995,405.0799999999999,1661.7399999999989,1903.1833333333327,2086.2499999999995
GNP,PKN,N,2004,15.48,3.87,2009,12.909999999999997,3.227499999999999,PKN1,-2.570000000000004,1,7.637,8.578,9.691,48.5191,-113.446469,2493,5.773576119357464,-0.00109008493475599,179,192.66666666666663,207,234,245,262,0.8392704142342127,0.9784315384015652,1.115830402874523,0.999626541094721,1.2022816252434243,1.3530390225720796,207.16000000000008,379.55333333333334,516.24,1649.4699999999991,1918.2466666666664,2235.57
GNP,PKN,N,2009,12.909999999999997,3.227499999999999,2014,14.2,3.55,PKN2,1.2900000000000027,2,6.997,9.195333333333334,10.965,48.5191,-113.446469,2493,6.683103110110092,0.28148911460462067,174,187.16666666666663,199,234,254.16666666666663,268,0.7748500848444375,1.000152861744208,1.115830402874523,0.9088661663914218,1.1350108501707321,1.309959237751924,280.76,372.91666666666663,507.18999999999994,1649.4699999999991,2076.23,2365.8299999999995
GNP,PKN,N,2014,14.2,3.55,2019,15.159999999999998,3.79,PKN3,0.9599999999999992,3,7.863,9.316666666666666,11.59,48.5191,-113.446469,2493,4.874798620405993,0.4112408221232215,174,197.5,225,219,241.16666666666663,259,0.6841937195120683,0.9627505221916608,1.145119894998035,1.093013093519467,1.249419556857457,1.363567832782288,205.18999999999997,301.98999999999995,405.0799999999999,1661.7399999999989,1903.1833333333327,2086.2499999999995
GNP,PKN,S,2004,10.56,2.6399999999999997,2009,15.51,3.8775,PKN1,4.950000000000001,1,9.42,10.965,12.428,48.5191,-113.446469,2493,4.0744620521386885,0.3948556836957028,179,192.66666666666663,207,234,245,262,1.0575641874700936,1.272198362154679,1.528306439583781,1.4631618690286297,1.7597898390767708,1.9804547235882608,207.16000000000008,379.55333333333334,516.24,1649.4699999999991,1918.2466666666664,2235.57
GNP,PKN,S,2009,15.51,3.8775,2014,17.25,4.3125,PKN2,1.7400000000000002,2,8.671,12.263833333333332,14.421,48.5191,-113.446469,2493,4.957351394251451,0.9014014702308872,174,187.16666666666663,199,234,254.16666666666663,268,1.0115052155886584,1.3370086634603615,1.528306439583781,1.3303151367488046,1.6613250335319178,1.9173984761963287,280.76,372.91666666666663,507.18999999999994,1649.4699999999991,2076.23,2365.8299999999995
GNP,PKN,S,2014,17.25,4.3125,2019,21.1,5.275,PKN3,3.8500000000000014,3,9.936,12.281166666666667,14.767,48.5191,-113.446469,2493,3.2117319327062916,1.1135352409101469,174,197.5,225,219,241.16666666666663,259,0.7918300625622495,1.246744127368467,1.5789894272328822,1.5998525599723634,1.828786030441398,1.995865832629989,205.18999999999997,301.98999999999995,405.0799999999999,1661.7399999999989,1903.1833333333327,2086.2499999999995
GNP,PKN,W,2004,1.95,0.65,2009,1.1,0.3666666666666667,PKN1,-0.8500000000000001,1,8.099,9.808333333333334,11.805,48.5191,-113.446469,2493,4.07215615423795,-0.2539146286219412,179,192.66666666666663,207,234,245,262,1.069913470754918,1.2946771610291463,1.5620697069760263,1.5046106323702582,1.8096415431943196,2.0365574698970588,207.16000000000008,379.55333333333334,516.24,1649.4699999999991,1918.2466666666664,2235.57
GNP,PKN,W,2009,1.1,0.3666666666666667,2014,2.9000000000000004,0.7250000000000001,PKN2,1.8000000000000005,2,9.049,11.575666666666667,13.82,48.5191,-113.446469,2493,4.829100348047638,0.6575027020423868,174,187.16666666666663,199,234,254.16666666666663,268,1.029951560915891,1.3622384910940792,1.5620697069760263,1.3680005893566516,1.7083874055127444,1.9717149516005308,280.76,372.91666666666663,507.18999999999994,1649.4699999999991,2076.23,2365.8299999999995
GNP,PKN,W,2014,2.9000000000000004,0.7250000000000001,2019,4.1000000000000005,1.025,PKN3,1.2000000000000002,3,8.992,10.898166666666667,13.396,48.5191,-113.446469,2493,3.1967368806998326,0.3614761719895971,174,197.5,225,219,241.16666666666663,259,0.8000979646435498,1.2690899456482323,1.613567032409657,1.6451735265335106,1.880592273470793,2.0524051481421153,205.18999999999997,301.98999999999995,405.0799999999999,1661.7399999999989,1903.1833333333327,2086.2499999999995
GNP,SWD,E,2004,23.86,5.965,2009,37.413,9.35325,SWD1,13.552999999999995,1,9.782,11.2635,12.651,48.870238,-113.679656,2717,5.938202333530887,1.2546432953943327,169,183.5,199,237,247,263,0.6406077987750993,0.6971449830019631,0.78017662606886,0.7057874530893552,0.7922705722156345,0.8769045417463146,187.07000000000005,338.38166666666666,485.25,1306.91,1537.7716666666663,1660.8300000000002
GNP,SWD,E,2009,37.413,9.35325,2014,42.36,10.59,SWD2,4.947000000000003,2,9.121,12.2935,13.74,48.870238,-113.679656,2717,7.042948782208811,1.8424931768025872,169,179.5,192,237,255.83333333333337,274,0.583253286110038,0.7030671971454112,0.78017662606886,0.6283023106064026,0.7583351989501822,0.8804695303165264,276.6300000000001,358.37333333333333,508.7199999999998,1306.91,1688.9516666666668,1908.5700000000008
GNP,SWD,E,2014,42.36,10.59,2019,48.00000000000001,12,SWD3,5.640000000000008,3,11.461,13.0355,14.827,48.870238,-113.679656,2717,5.206389244081164,2.012104930756686,169,190.66666666666663,213,230,247.83333333333337,264,0.501778603729464,0.6826840973358964,0.7865200776252433,0.7412397922629805,0.8279669306625246,0.9096632283076626,127.45999999999998,268.50166666666667,396.04,1434.1199999999994,1560.9133333333327,1673.9399999999994
GNP,SWD,N,2004,18.411,4.60275,2009,38.01,9.5025,SWD1,19.598999999999997,1,7.301,8.826666666666666,10.078,48.870238,-113.679656,2717,6.264986635965171,-0.07632445759579662,169,183.5,199,237,247,263,0.6231303556537808,0.6782837534390762,0.7558824101666802,0.6821759175751269,0.7657658154778023,0.847568425555241,187.07000000000005,338.38166666666666,485.25,1306.91,1537.7716666666663,1660.8300000000002
GNP,SWD,N,2009,38.01,9.5025,2014,31.65,7.9125,SWD2,-6.359999999999999,2,7.833,10.329666666666666,12.793,48.870238,-113.679656,2717,7.27192806264922,1.1072505585401016,169,179.5,192,237,255.83333333333337,274,0.5651225745416782,0.681681561817741,0.7558824101666802,0.6072829764490459,0.7329657220583413,0.8510141503812974,276.6300000000001,358.37333333333333,508.7199999999998,1306.91,1688.9516666666668,1908.5700000000008
GNP,SWD,N,2014,31.65,7.9125,2019,29.299999999999997,7.324999999999999,SWD3,-2.3500000000000014,3,7.804,9.734166666666667,11.816,48.870238,-113.679656,2717,5.627373628443929,0.2131781699018112,169,190.66666666666663,213,230,247.83333333333337,264,0.4934267682468962,0.6637218086703711,0.7616024963388034,0.7164422280629256,0.8002679817758974,0.8792311973510926,127.45999999999998,268.50166666666667,396.04,1434.1199999999994,1560.9133333333327,1673.9399999999994
GNP,SWD,S,2004,6.949999999999999,3.4749999999999996,2009,7.301,3.6505,SWD1,0.35100000000000087,1,8.712,10.249,11.98,48.870238,-113.679656,2717,3.542125659084681,-0.7015017912965347,169,183.5,199,237,247,263,0.9553009530808664,1.2285405605561033,1.5098535930280488,1.507039187655688,1.6917030677282308,1.8724185340223656,187.07000000000005,338.38166666666666,485.25,1306.91,1537.7716666666663,1660.8300000000002
GNP,SWD,S,2009,7.301,3.6505,2014,6.6000000000000005,3.3000000000000003,SWD2,-0.7009999999999996,2,8.701,11.943833333333334,14.726,48.870238,-113.679656,2717,4.339572407647409,0.2412611167617149,169,179.5,192,237,255.83333333333337,274,1.12614222017929,1.3126248669728866,1.5098535930280488,1.3415883204409798,1.6192422480651687,1.8800307088426136,276.6300000000001,358.37333333333333,508.7199999999998,1306.91,1688.9516666666668,1908.5700000000008
GNP,SWD,S,2014,6.6000000000000005,3.3000000000000003,2019,6.499999999999999,2.1666666666666665,SWD3,-0.10000000000000142,3,7.863,10.113833333333334,12.28,48.870238,-113.679656,2717,3.11398314657701,-1.0428415590500268,169,190.66666666666663,213,230,247.83333333333337,264,0.6902249847345965,1.1956737902817391,1.5304827995257684,1.582739122805924,1.767924047288853,1.9423668225162825,127.45999999999998,268.50166666666667,396.04,1434.1199999999994,1560.9133333333327,1673.9399999999994
GSD,HUK,E,2009,42.14999999999999,21.074999999999996,2015,81.5,20.375,HUK1,39.35000000000001,1,16.086,17.663714285714285,19.308,37.89615,-105.473733,3550,-2.43973232715747,5.103995132117496,213,224.57142857142856,246,176,193,208,1.0027499442257342,1.202274662519301,1.3175998755755431,1.3701666026253747,1.486092665664973,1.540823580741746,150.10999999999996,200.52857142857144,273.16,563.1100000000005,717.9357142857144,788.0600000000002
GSD,HUK,E,2015,81.5,20.375,2020,42.73,10.6825,HUK2,-38.77,2,17.258,18.855333333333334,20.372,37.89615,-105.473733,3550,-3.184816615871189,5.235321579009631,207,231.83333333333337,250,149,189.33333333333337,229,1.190018183485029,1.2442065242139204,1.3175998755755431,1.4507922800091408,1.485665061611033,1.5410492205597364,127.56000000000002,185.00333333333336,240.73,377.44999999999976,681.6133333333332,837.59
GSD,HUK,N,2009,58.2,29.1,2015,192,48,HUK1,133.8,1,10.457,11.926285714285715,12.698,37.89615,-105.473733,3550,-3.137009418277807,1.0825889359431538,213,224.57142857142856,246,176,193,208,1.1377916421399057,1.4220978675268552,1.6194537907543791,1.8603582327135193,2.0177580739799383,2.09206955424221,150.10999999999996,200.52857142857144,273.16,563.1100000000005,717.9357142857144,788.0600000000002
GSD,HUK,N,2015,192,48,2020,123.25,30.8125,HUK2,-68.74999999999999,2,11.516,12.535499999999999,14.357,37.89615,-105.473733,3550,-3.897130023934016,1.1632263889478034,207,231.83333333333337,250,149,189.33333333333337,229,1.3379704539477864,1.472810455994382,1.6194537907543791,1.9698286010625896,2.0171774900417776,2.0923759190975657,127.56000000000002,185.00333333333336,240.73,377.44999999999976,681.6133333333332,837.59
GSD,HUK,S,2009,59,29.5,2015,156,39,HUK1,97,1,14.325,15.545,17.005,37.89615,-105.473733,3550,-4.69001477521935,2.5967301133382117,213,224.57142857142856,246,176,193,208,1.2281383050478942,1.5649811981568793,1.8450858898285656,2.408499907412029,2.612276522286835,2.70848336577755,150.10999999999996,200.52857142857144,273.16,563.1100000000005,717.9357142857144,788.0600000000002
GSD,HUK,S,2015,156,39,2020,97.22,24.305,HUK2,-58.78,2,15.026,16.398333333333333,18.254,37.89615,-105.473733,3550,-5.347356876098768,2.6495838841152946,207,231.83333333333337,250,149,189.33333333333337,229,1.3680810002975474,1.5982146846978178,1.8074088620630513,2.550224961972366,2.611524873310463,2.7088799989166863,127.56000000000002,185.00333333333336,240.73,377.44999999999976,681.6133333333332,837.59
GSD,HUK,W,2009,85.35,42.675,2015,247.5,61.875,HUK1,162.15,1,10.029,11.064857142857143,12.003,37.89615,-105.473733,3550,-4.455688266940534,-0.04836672678253115,213,224.57142857142856,246,176,193,208,1.238879098239785,1.5831966082614384,1.8847877723429616,2.5020191896493893,2.713708216188071,2.813650660797925,150.10999999999996,200.52857142857144,273.16,563.1100000000005,717.9357142857144,788.0600000000002
GSD,HUK,W,2015,247.5,61.875,2020,121.37000000000002,30.3425,HUK2,-126.12999999999998,2,10.238,11.2485,12.612,37.89615,-105.473733,3550,-5.041440157663827,-0.3164564490926748,207,231.83333333333337,250,149,189.33333333333337,229,1.37038390713343,1.6139184947419678,1.831378757810009,2.6492472651302355,2.712927381546153,2.814062694745825,127.56000000000002,185.00333333333336,240.73,377.44999999999976,681.6133333333332,837.59
GSD,MUD,E,2009,87.5,43.75,2015,260,65,MUD1,172.5,1,12.621,14.104571428571429,15.763,37.887517,-105.47665,3700,-2.531230434549838,2.453025505024797,206,220,246,184,198.28571428571428,213,1.100071933324059,1.3534176443651116,1.5235393095672178,1.664482112647894,1.8066669328397007,1.873348038410709,153.86,204.55428571428573,277.46,588.5499999999998,743.8399999999998,821.6599999999995
GSD,MUD,E,2015,260,65,2020,136.46,34.115,MUD2,-123.54,2,13.447,14.413833333333333,15.927,37.887517,-105.47665,3700,-3.254509161605685,2.094625202563597,203,226.5,243,157,195.16666666666663,233,1.3306457242150695,1.4077594074638131,1.5235393095672178,1.7629334812621211,1.8069477484549572,1.87596076256463,127.67,187.47166666666664,244.39000000000007,390.02,703.3066666666666,867.7900000000006
GSD,MUD,N,2009,49.55,24.775,2015,95.5,23.875,MUD1,45.95,1,9.264,9.991,10.842,37.887517,-105.47665,3700,-2.5959947599274646,-0.06433923513469877,206,220,246,184,198.28571428571428,213,1.1409585162234757,1.423488492162667,1.609195390715453,1.8409232287123147,1.9981801534172496,2.0719296970315133,153.86,204.55428571428573,277.46,588.5499999999998,743.8399999999998,821.6599999999995
GSD,MUD,N,2015,95.5,23.875,2020,67.33,16.8325,MUD2,-28.17,2,9.572,10.360166666666666,12.098,37.887517,-105.47665,3700,-3.289082313680148,-0.3115879078611001,203,226.5,243,157,195.16666666666663,233,1.3640508884321512,1.4743094376808952,1.609195390715453,1.949810798006843,1.998490736502032,2.074819379382932,127.67,187.47166666666664,244.39000000000007,390.02,703.3066666666666,867.7900000000006
GSD,MUD,S,2009,65.65,32.825,2015,179,44.75,MUD1,113.35,1,10.698,11.728142857142858,12.776,37.887517,-105.47665,3700,-3.821439946790964,0.2781800594092567,206,220,246,184,198.28571428571428,213,1.2267466550725248,1.5618306071680172,1.809943959841435,2.3342119821729534,2.5336070423258352,2.627118311942773,153.86,204.55428571428573,277.46,588.5499999999998,743.8399999999998,821.6599999999995
GSD,MUD,S,2015,179,44.75,2020,106.02,26.505000000000003,MUD2,-72.97999999999999,2,11.267,12.361833333333333,14.126,37.887517,-105.47665,3700,-4.473531551957429,0.19627656900824456,203,226.5,243,157,195.16666666666663,233,1.3971219061129303,1.597008981978593,1.788845790896235,2.4722767667293195,2.5340008484045744,2.630782305673828,127.67,187.47166666666664,244.39000000000007,390.02,703.3066666666666,867.7900000000006
GSD,MUD,W,2009,78.35000000000001,39.175,2015,163.5,40.875,MUD1,85.14999999999999,1,9.51,10.667571428571428,11.376,37.887517,-105.47665,3700,-3.824059830839398,-0.45596083890513,206,220,246,184,198.28571428571428,213,1.2346575980484689,1.573934979033666,1.833878660415554,2.3888765243319923,2.592941185941501,2.688642381229012,153.86,204.55428571428573,277.46,588.5499999999998,743.8399999999998,821.6599999999995
GSD,MUD,W,2015,163.5,40.875,2020,129.00000000000003,32.25,MUD2,-34.49999999999997,2,10.235,11.268166666666666,13.197,37.887517,-105.47665,3700,-4.476719830927576,-0.4261626913938162,203,226.5,243,157,195.16666666666663,233,1.3988199628388065,1.6071186667713693,1.8050274723159867,2.5301746262964175,2.5933442145026704,2.6923921814512135,127.67,187.47166666666664,244.39000000000007,390.02,703.3066666666666,867.7900000000006
GSD,PAD,E,2009,125.59999999999998,62.79999999999999,2015,331.902,82.9755,PAD1,206.302,1,11.745,12.823285714285714,13.596,37.87965,-105.478217,3870,-2.9952683477936866,1.0485727626373136,201,216.8571428571429,243,186,200.57142857142856,215,1.1749879151816898,1.4802593097784649,1.6717009235929663,1.999050685150348,2.1698690731577828,2.2499918366616107,155.57999999999998,206.39714285714285,279.47,600.2600000000002,755.972857142857,837.7299999999998
GSD,PAD,E,2015,331.902,82.9755,2020,243.81000000000003,60.95250000000001,PAD2,-88.09199999999996,2,12.701,14.3125,16.055,37.87965,-105.478217,3870,-3.832151822734367,1.380525846809811,198,224.5,241,156,196.83333333333337,235,1.3917926635531015,1.5262307314743655,1.6717009235929663,2.117362329300442,2.1711321300614914,2.254078728577931,127.51000000000002,188.53833333333336,246.0000000000001,395.85000000000025,713.2200000000001,881.7100000000003
GSD,PAD,N,2009,97.55,48.775,2015,231.5,57.875,PAD1,133.95,1,8.693,9.333285714285713,10.032,37.87965,-105.478217,3870,-2.625963963632172,-0.7853617045809228,201,216.8571428571429,243,186,200.57142857142856,215,1.1701398085878498,1.471994332310741,1.6615741647995763,1.972926501551988,2.141512584514117,2.2205882801273056,155.57999999999998,206.39714285714285,279.47,600.2600000000002,755.972857142857,837.7299999999998
GSD,PAD,N,2015,231.5,57.875,2020,247.90999999999997,61.9775,PAD2,16.409999999999968,2,9.028,9.940833333333334,11.953,37.87965,-105.478217,3870,-3.3982978993185324,-0.8363631414066437,198,224.5,241,156,196.83333333333337,235,1.389620572824959,1.5185533003158125,1.6615741647995763,2.0896920142625137,2.1427591354179065,2.224621763335402,127.51000000000002,188.53833333333336,246.0000000000001,395.85000000000025,713.2200000000001,881.7100000000003
GSD,PAD,S,2009,114.34999999999998,57.17499999999999,2015,297.6,74.4,PAD1,183.25000000000009,1,11.583,12.527714285714286,13.506,37.87965,-105.478217,3870,-3.656394921116552,0.5670864982605163,201,216.8571428571429,243,186,200.57142857142856,215,1.2276573420115735,1.5622621602405893,1.7987842060365105,2.315330953326362,2.513175412243211,2.605974817373106,155.57999999999998,206.39714285714285,279.47,600.2600000000002,755.972857142857,837.7299999999998
GSD,PAD,S,2015,297.6,74.4,2020,201.25,50.3125,PAD2,-96.35000000000002,2,12.205,13.8445,15.387,37.87965,-105.478217,3870,-4.418740480678853,0.7366821202567336,198,224.5,241,156,196.83333333333337,235,1.4098926239849774,1.5982891965198365,1.781337796010145,2.452361301718476,2.514638303988124,2.610708317842627,127.51000000000002,188.53833333333336,246.0000000000001,395.85000000000025,713.2200000000001,881.7100000000003
GSD,PAD,W,2009,98.5,49.25,2015,266.5,66.625,PAD1,168,1,8.751,10.438142857142857,11.782,37.87965,-105.478217,3870,-3.464681653989366,-0.695512464545527,201,216.8571428571429,243,186,200.57142857142856,215,1.2315973639410285,1.5682784910355978,1.8105192249196893,2.3418710636234508,2.5419833684194284,2.6358465119510033,155.57999999999998,206.39714285714285,279.47,600.2600000000002,755.972857142857,837.7299999999998
GSD,PAD,W,2015,266.5,66.625,2020,162.37,40.5925,PAD2,-104.13,2,11.009,12.082333333333333,13.651,37.87965,-105.478217,3870,-4.335201338461495,-0.1587381949884004,198,224.5,241,156,196.83333333333337,235,1.4108288392738788,1.6035276711693571,1.7895544025324712,2.4804721596251667,2.543463028958542,2.6406342714560944,127.51000000000002,188.53833333333336,246.0000000000001,395.85000000000025,713.2200000000001,881.7100000000003
GSD,SIX,E,2009,98.76,32.92,2015,148.5,37.125,SIX1,49.74000000000001,1,11.453,12.414142857142858,13.095,37.861501,-105.492034,4000,-2.726573100938479,0.6793094292371427,199,214.1428571428571,238,189,203.57142857142856,217,1.1757060475035408,1.4777456950234762,1.6728431881024446,1.9792906562739572,2.148704376349283,2.2303349835620363,155.94000000000003,206.7857142857143,281.43000000000006,605.59,763.4957142857144,847.0900000000001
GSD,SIX,E,2015,148.5,37.125,2020,93.53,23.3825,SIX2,-54.97,2,11.822,13.065166666666666,14.723,37.861501,-105.492034,4000,-3.643797581479729,0.6789546779413709,195,222.83333333333337,241,154,198.16666666666663,236,1.3942189036139074,1.526157370613815,1.6728431881024446,2.10359508850279,2.155655976524885,2.239348240017199,128.87000000000003,190.02166666666673,246.7100000000001,399.28000000000014,718.0650000000003,886.7300000000001
GSD,SIX,N,2009,216.28999999999996,72.09666666666666,2015,268,67,SIX1,51.71000000000003,1,7.868,8.868428571428572,9.817,37.861501,-105.492034,4000,-0.9244687248574338,-0.4210462852609077,199,214.1428571428571,238,189,203.57142857142856,217,1.0182583755395715,1.2256533781067227,1.347034648203376,1.397768673529761,1.5174080958838336,1.575055367244168,155.94000000000003,206.7857142857143,281.43000000000006,605.59,763.4957142857144,847.0900000000001
GSD,SIX,N,2015,268,67,2020,240.15000000000003,60.03750000000001,SIX2,-27.84999999999997,2,8.364,8.987166666666667,9.93,37.861501,-105.492034,4000,-1.775314012827837,-0.7365701942969396,195,222.83333333333337,241,154,198.16666666666663,236,1.210976739802606,1.2685471612630148,1.347034648203376,1.485552062391632,1.522317293492361,1.581420499863565,128.87000000000003,190.02166666666673,246.7100000000001,399.28000000000014,718.0650000000003,886.7300000000001
GSD,SIX,S,2009,122.54,40.84666666666667,2015,189.5,47.375,SIX1,66.96,1,9.663,10.358857142857143,11.353,37.861501,-105.492034,4000,-3.174778595853374,-0.7062804305733303,199,214.1428571428571,238,189,203.57142857142856,217,1.225694220125619,1.5571375314142328,1.7804027944473413,2.2731405007461154,2.4677057543457286,2.5614554210597236,155.94000000000003,206.7857142857143,281.43000000000006,605.59,763.4957142857144,847.0900000000001
GSD,SIX,S,2015,189.5,47.375,2020,147.3,36.825,SIX2,-42.19999999999999,2,10.096,11.077333333333334,12.212,37.861501,-105.492034,4000,-4.0641775228723285,-0.7914364494768802,195,222.83333333333337,241,154,198.16666666666663,236,1.4131792583115144,1.5986914681255724,1.7772310696680815,2.4158994424032927,2.4756894043741196,2.5718068053937517,128.87000000000003,190.02166666666673,246.7100000000001,399.28000000000014,718.0650000000003,886.7300000000001
GSD,SIX,W,2009,97.165,32.388333333333335,2015,173,43.25,SIX1,75.835,1,7.933,8.646571428571429,9.289,37.861501,-105.492034,4000,-3.1927887360557623,-1.823359380770854,199,214.1428571428571,238,189,203.57142857142856,217,1.2389437089985236,1.5772895175800972,1.819369851836816,2.360953920276964,2.563035400979504,2.66040669988532,155.94000000000003,206.7857142857143,281.43000000000006,605.59,763.4957142857144,847.0900000000001
GSD,SIX,W,2015,173,43.25,2020,148.7,37.175,SIX2,-24.30000000000001,2,8.27,8.976333333333333,10.451,37.861501,-105.492034,4000,-4.05060139683451,-1.9383669063750464,195,222.83333333333337,241,154,198.16666666666663,236,1.4161830400983924,1.6166130345787868,1.8046090034135824,2.5092277655801793,2.5713274664398056,2.6711579673127823,128.87000000000003,190.02166666666673,246.7100000000001,399.28000000000014,718.0650000000003,886.7300000000001
PEC,CHI,E,2016,165,41.25,2021,91.01,22.7525,CHI1,-73.99000000000001,1,11.191,11.9168,12.626,35.97527695,-105.6100006,3905,-2.9934028153133445,-0.03853759066058241,154,218.5,252,126,188.33333333333337,222,1.3124633905585383,1.6776374111199983,1.9507667602737864,2.130647357173554,2.17833153620362,2.2403113879314778,167.10000000000002,287.29333333333335,361.55,648.9500000000002,899.4366666666663,1114.609999999999
PEC,CHI,N,2016,66.5,16.625,2021,30.050000000000004,7.5125,CHI1,-36.45,1,8.433,8.933,9.379,35.97527695,-105.6100006,3905,-2.328008146044358,-1.3498702114408947,154,218.5,252,126,188.33333333333337,222,1.2799429942448508,1.5949291670345291,1.8268448745137649,1.9735310991098665,2.017698994812793,2.0751083847295786,167.10000000000002,287.29333333333335,361.55,648.9500000000002,899.4366666666663,1114.609999999999
PEC,CHI,S,2016,72,18,2021,97.71,24.4275,CHI1,25.710000000000008,1,10.695,11.268,12.139,35.97527695,-105.6100006,3905,-4.579101510201963,-1.163360876504381,154,218.5,252,126,188.33333333333337,222,1.4051533819928457,1.9779702619693071,2.422509188998415,2.805319695080094,2.868103133233944,2.949708987982689,167.10000000000002,287.29333333333335,361.55,648.9500000000002,899.4366666666663,1114.609999999999
PEC,CHI,W,2016,77,19.25,2021,40.95,10.2375,CHI1,-36.05,1,8.254,8.784,9.201,35.97527695,-105.6100006,3905,-4.3362285599357415,-2.5825721823213144,154,218.5,252,126,188.33333333333337,222,1.405102162487258,1.9770640205153336,2.42098336484005,2.8029609725248705,2.8656916221455893,2.9472288624078744,167.10000000000002,287.29333333333335,361.55,648.9500000000002,899.4366666666663,1114.609999999999
PEC,NFP,E,2016,200,50,2021,92.25,23.0625,NFP1,-107.75,1,12.643,13.152,13.815,35.98416519,-105.6291656,3686,-3.7213333045177106,0.661634603494763,155,219.83333333333337,253,124,185.33333333333337,219,1.3098561820990555,1.7541948188730965,2.104288824389536,2.31946921023931,2.371553515048038,2.4396358581264357,167.46,289.4166666666667,357.21,643.96,890.1833333333334,1105.01
PEC,NFP,N,2016,91.5,22.875,2021,54.88,13.72,NFP1,-36.62,1,10.875,11.35,11.992,35.98416519,-105.6291656,3686,-3.7541971491814583,-0.39003463020728174,155,219.83333333333337,253,124,185.33333333333337,219,1.3229890210572035,1.7917040394612278,2.164280817467646,2.3981998817937367,2.4520521050024735,2.5224453942955902,167.46,289.4166666666667,357.21,643.96,890.1833333333334,1105.01
PEC,NFP,S,2016,251.5,62.875,2021,136.46000000000004,34.115,NFP1,-115.03999999999996,1,12.037,12.471,13.15,35.98416519,-105.6291656,3686,-4.723066463488873,-0.22261126095909356,155,219.83333333333337,253,124,185.33333333333337,219,1.3725947219756716,1.9460111396092652,2.4206743077910113,2.752890141971143,2.814707030346468,2.8955113843234197,167.46,289.4166666666667,357.21,643.96,890.1833333333334,1105.01
PEC,NFP,W,2016,312,78,2021,130.7,32.675000000000004,NFP1,-181.3,1,11.281,11.6722,12.281,35.98416519,-105.6291656,3686,-4.714893723563828,-0.8020391681232705,155,219.83333333333337,253,124,185.33333333333337,219,1.376647481860034,1.9597379761756832,2.443663197266416,2.787237086318656,2.849825244565013,2.9316377690485784,167.46,289.4166666666667,357.21,643.96,890.1833333333334,1105.01
PEC,NTP,E,2016,163.5,40.875,2021,102.45,25.6125,NTP1,-61.05,1,11.246,11.9818,12.785,35.9794426,-105.632225,3952,-0.7152010764455454,1.5458109857097668,155,219.83333333333337,253,127,186.66666666666663,220,1.0181186508011912,1.157720678554377,1.257637619226777,1.2860986045452227,1.3152358341556891,1.3531985996836844,165.93,288.1583333333333,357.33,644.0000000000001,891.6783333333333,1104.91
PEC,NTP,N,2016,121.5,30.375,2021,56.24999999999999,14.062499999999998,NTP1,-65.25,1,NA,NA,NA,35.9794426,-105.632225,3952,NA,NA,155,219.83333333333337,253,127,186.66666666666663,220,1.3197255675701736,1.761737840504058,2.115046007141276,2.326981802040776,2.3797007792839047,2.448388097835209,165.93,288.1583333333333,357.33,644.0000000000001,891.6783333333333,1104.91
PEC,NTP,S,2016,106,26.5,2021,39.98,9.995,NTP1,-66.02,1,11.486,12.2486,13.155,35.9794426,-105.632225,3952,-4.693784358931784,-0.4937275799044242,155,219.83333333333337,253,127,186.66666666666663,220,1.3817379895457946,1.9578346817064336,2.436396984411034,2.777276133121607,2.840196761521673,2.9221757655230607,165.93,288.1583333333333,357.33,644.0000000000001,891.6783333333333,1104.91
PEC,NTP,W,2016,94,23.5,2021,32.61,8.1525,NTP1,-61.39,1,8.405,9.0396,9.739,35.9794426,-105.632225,3952,-4.4079889097748906,-2.662459699124483,155,219.83333333333337,253,127,186.66666666666663,220,1.3851665420314092,1.9699860082635985,2.456629615367055,2.807989433047273,2.8716058871553103,2.954491479344842,165.93,288.1583333333333,357.33,644.0000000000001,891.6783333333333,1104.91
PEC,WCP,E,2016,138,34.5,2021,98,24.5,WCP1,-40,1,10.534,10.927200000000001,11.44,35.97611237,-105.6158371,3768,-3.416570962922086,-0.6214751738649151,154,218.33333333333337,251,128,188.66666666666663,222,1.3432340461795382,1.7707553737672013,2.1002849803645933,2.3252598328976535,2.377416497816534,2.4457215149927003,166.65999999999997,287.10166666666663,359.52000000000004,648.7799999999999,901.71,1117.15
PEC,WCP,N,2016,125,31.25,2021,81.61,20.4025,WCP1,-43.39,1,9.25,9.718,10.372,35.97611237,-105.6158371,3768,-1.6670852885192409,-0.32942719575473506,154,218.33333333333337,251,128,188.66666666666663,222,1.198819314144656,1.4403547708389697,1.6100104159874769,1.7056293680872732,1.743887432054375,1.7939906685336258,166.65999999999997,287.10166666666663,359.52000000000004,648.7799999999999,901.71,1117.15
PEC,WCP,S,2016,175,43.75,2021,109.85,27.4625,WCP1,-65.15,1,NA,NA,NA,35.97611237,-105.6158371,3768,NA,NA,154,218.33333333333337,251,128,188.66666666666663,222,1.4063073134888335,1.9799452199694791,2.432659873113462,2.81324667382835,2.8763491116828637,2.958988849254547,166.65999999999997,287.10166666666663,359.52000000000004,648.7799999999999,901.71,1117.15
PEC,WCP,W,2016,241.5,60.375,2021,94.1,23.525,WCP1,-147.4,1,10.977,11.849,12.756,35.97611237,-105.6158371,3768,-4.492034553410527,-0.9623973671595304,154,218.33333333333337,251,128,188.66666666666663,222,1.4016983766896818,1.9619940302860337,2.403380461074395,2.76817816960995,2.8302696998490404,2.911585540232466,166.65999999999997,287.10166666666663,359.52000000000004,648.7799999999999,901.71,1117.15
RMN,GLA,E,2014,47.3,11.825,2019,60.81,15.2025,GLA1,13.510000000000003,1,7.601,9.099166666666667,10.417,40.380617,-105.770072,3862,3.591484057047539,-2.3306071119278062,161,179.16666666666666,194,236,249.33333333333337,265,0.8174140027323582,0.8630132785242876,0.960490232493548,0.8682860317385714,0.9678680833442432,1.128960112726463,103.24,159.38333333333335,224.35000000000008,887.4200000000005,1058.9416666666668,1331.6600000000003
RMN,GLA,N,2014,168,42,2019,232.83,58.2075,GLA1,64.82999999999998,1,8.094,9.2908333333333335,11.147,40.380617,-105.770072,3862,1.8250744563842205,-3.086723757234483,161,179.16666666666666,194,236,249.33333333333337,265,1.135448825624525,1.1929097248424436,1.2825653996408986,1.4434016313116356,1.6089425826605603,1.8767350951532715,103.24,159.38333333333335,224.35000000000008,887.4200000000005,1058.9416666666668,1331.6600000000003
RMN,GLA,S,2014,56.4,14.1,2019,32.61,10.87,GLA1,-23.79,1,8.046,9.121,10.597,40.380617,-105.770072,3862,1.3402559761194226,-3.5061089430504855,161,179.16666666666666,194,236,249.33333333333337,265,1.18101313804069,1.264639407171919,1.4136860125158182,1.634537274505109,1.8219992044122917,2.1252528754677646,103.24,159.38333333333335,224.35000000000008,887.4200000000005,1058.9416666666668,1331.6600000000003
RMN,GLA,W,2014,224.35,56.087500000000006,2019,233.94,58.485,GLA1,9.590000000000003,1,7.969,8.991666666666667,10.135,40.380617,-105.770072,3862,1.0344569191298585,-3.804923137222997,161,179.16666666666666,194,236,249.33333333333337,265,1.2061385557602429,1.3065833814012302,1.493907157374985,1.7628071528033848,1.96498010784888,2.2920315301618572,103.24,159.38333333333335,224.35000000000008,887.4200000000005,1058.9416666666668,1331.6600000000003
RMN,JSM,E,2010,199,49.75,2014,162.1,40.525,JSM1,-36.900000000000006,1,13.274,14.0334,15.281,40.394304,-105.813083,3520,2.3176523429956783,1.1998761669248397,165,182.6,211,216,238.8,259,0.8013378959907034,0.9478626381681814,1.0196153980389204,0.8819017967655356,1.060818916985573,1.1855346304440373,146.46999999999997,199.868,251.85,660.5800000000004,974.3000000000002,1308.4
RMN,JSM,E,2014,162.1,40.525,2019,202.71,50.6775,JSM2,40.609999999999985,2,13.274,14.552,15.759,40.394304,-105.813083,3520,1.5704981256404615,0.9879827117450056,167,189,203,223,234.66666666666663,248,0.932383326015908,0.949703461474146,0.9948196918966232,1.014335984007048,1.0958944028348403,1.1745810998550708,90.71,149.93666666666667,225.04999999999995,753.7300000000006,911.7666666666664,1164
RMN,JSM,N,2010,251,62.75,2014,201.7,50.425,JSM1,-49.30000000000001,1,10.16,10.6834,11.222,40.394304,-105.813083,3520,1.4416829925665742,-1.4407018600674195,165,182.6,211,216,238.8,259,1.0349508420974836,1.211336768960933,1.2766375510732992,1.2238335283334107,1.4721205499963863,1.6451911483331645,146.46999999999997,199.868,251.85,660.5800000000004,974.3000000000002,1308.4
RMN,JSM,N,2014,201.7,50.425,2019,167.76,41.94,JSM2,-33.94,2,10.036,10.7625,12.293,40.394304,-105.813083,3520,0.9006805652726932,-1.52029480887176,167,189,203,223,234.66666666666663,248,1.0169152347786523,1.1506252748410748,1.227463998463661,1.4076152138205968,1.5207955337217345,1.6299907053387537,90.71,149.93666666666667,225.04999999999995,753.7300000000006,911.7666666666664,1164
RMN,JSM,S,2010,187,46.75,2014,155.35,38.8375,JSM1,-31.65000000000001,1,12.016,12.937,13.858,40.394304,-105.813083,3520,-0.09814650525876448,-0.985823221067343,165,182.6,211,216,238.8,259,1.2773138839718698,1.4514168798444191,1.5285258313129104,1.666699963975661,2.0048341631790745,2.240533507358644,146.46999999999997,199.868,251.85,660.5800000000004,974.3000000000002,1308.4
RMN,JSM,S,2014,155.35,38.8375,2019,176.12,44.03,JSM2,20.77000000000001,2,11.709,12.655333333333333,13.678,40.394304,-105.813083,3520,-0.41262048114436595,-1.233594636039622,167,189,203,223,234.66666666666663,248,1.0531345928523277,1.3214739349560658,1.5285258313129104,1.91698639712969,2.0711230756360077,2.219832507423058,90.71,149.93666666666667,225.04999999999995,753.7300000000006,911.7666666666664,1164
RMN,JSM,W,2010,248.5,62.125,2014,144.25,36.0625,JSM1,-104.25,1,10.606,11.4424,12.113,40.394304,-105.813083,3520,-0.8681546808420371,-2.369622686411371,165,182.6,211,216,238.8,259,1.4220004575312912,1.5684872842610122,1.7198486258424708,1.9943976251132285,2.399013967848506,2.681055260482351,146.46999999999997,199.868,251.85,660.5800000000004,974.3000000000002,1308.4
RMN,JSM,W,2014,144.25,36.0625,2019,221.16,55.29,JSM2,76.91,2,10.081,10.998166666666666,11.887,40.394304,-105.813083,3520,-1.020082597270073,-2.5873975936898383,167,189,203,223,234.66666666666663,248,1.0564099613172644,1.404131522246403,1.7198486258424708,2.2938940423866527,2.4783362528625936,2.656284140303936,90.71,149.93666666666667,225.04999999999995,753.7300000000006,911.7666666666664,1164
RMN,PIK,E,2010,203.5,50.875,2014,140.3,35.075,PIK1,-63.19999999999999,1,9.838,10.4604,11.679,40.392956,-105.790538,3715,3.477296794656559,-1.404340086160475,157,174,201,229,253.4,272,0.7907583375854289,1.0076524036868415,1.1319690378954541,0.8969094395997699,1.1453620897280854,1.3800357334810274,149.16000000000005,206.614,268.56,765.87,1118.2,1498.979999999999
RMN,PIK,E,2014,140.3,35.075,2019,128.89,32.222500000000004,PIK2,-11.410000000000023,2,9.457,10.313833333333333,11.724,40.392956,-105.790538,3715,2.789698045496474,-1.89264124916085,161,179.33333333333334,194,236,248.33333333333337,265,0.9596675851616546,1.0030128444657305,1.0741923991668023,1.056581153779336,1.183139401284763,1.3725556874992322,102.24,159.13333333333333,226.88999999999996,888.71,1057.618333333333,1341.7800000000009
RMN,PIK,N,2010,320,80,2014,187.41,46.8525,PIK1,-132.59,1,8.42,8.9938,9.504,40.392956,-105.790538,3715,2.8832800006142816,-2.768075478320887,157,174,201,229,253.4,272,0.920651307989366,1.1731157384347766,1.2879461563952104,1.1028559392380055,1.4083577755613088,1.696916698423182,149.16000000000005,206.614,268.56,765.87,1118.2,1498.979999999999
RMN,PIK,N,2014,187.41,46.8525,2019,193.61000000000004,48.4025,PIK2,6.2000000000000455,2,7.415,9.5415,13.433,40.392956,-105.790538,3715,2.2455829406305567,-2.5249166396963636,161,179.33333333333334,194,236,248.33333333333337,265,1.0861521646019745,1.1312465186925778,1.169489724070513,1.2991911438154338,1.454809435650111,1.6877190996773404,102.24,159.13333333333333,226.88999999999996,888.71,1057.618333333333,1341.7800000000009
RMN,PIK,S,2010,297.25,74.3125,2014,143.95,35.9875,PIK1,-153.3,1,9.798,10.3368,11.182,40.392956,-105.790538,3715,1.743217265006069,-2.55125717226543,157,174,201,229,253.4,272,1.0897815403016555,1.3688520996329925,1.457715507164072,1.4174975381077728,1.8101581617381737,2.1810421078665754,149.16000000000005,206.614,268.56,765.87,1118.2,1498.979999999999
RMN,PIK,S,2014,143.95,35.9875,2019,179.41,44.8525,PIK2,35.46000000000001,2,9.781,10.348833333333333,11.209,40.392956,-105.790538,3715,1.1077750842517355,-2.8730393365141103,161,179.33333333333334,194,236,248.33333333333337,265,1.1812183939067726,1.275678672707028,1.4308128100889117,1.6698466067673476,1.869862345643091,2.1692204608908683,102.24,159.13333333333333,226.88999999999996,888.71,1057.618333333333,1341.7800000000009
RMN,PIK,W,2010,157,39.25,2014,112.05,28.0125,PIK1,-44.95,1,8.542,9.1754,10.035,40.392956,-105.790538,3715,1.5598680655744177,-3.386588422280041,157,174,201,229,253.4,272,1.1382655649875977,1.4166000804182328,1.5055517208953255,1.5198020274150037,1.94080199096778,2.3384535974841967,149.16000000000005,206.614,268.56,765.87,1118.2,1498.979999999999
RMN,PIK,W,2014,112.05,28.0125,2019,111.82,27.955,PIK2,-0.230000000000004,2,8.481,9.397833333333335,10.678,40.392956,-105.790538,3715,0.9242727312321708,-3.558327981381764,161,179.33333333333334,194,236,248.33333333333337,265,1.2039243263978718,1.313788310056438,1.5055517208953255,1.7903637856224102,2.0048151813292807,2.325778751455859,102.24,159.13333333333333,226.88999999999996,888.71,1057.618333333333,1341.7800000000009
RMN,VQS,E,2010,212.5,53.125,2014,148.95,37.2375,VQS1,-63.55000000000001,1,10.001,10.4404,11.321,40.406275,-105.799238,3623,1.5060701690257292,-1.9879569808676267,161,179.2,208,223,245.6,265,1.0768788608501698,1.299120828849014,1.3818983699770149,1.3349943696480822,1.6558167726863886,1.9199664636078544,146.01000000000002,202.622,256.32,710.8800000000001,1057.5739999999998,1423.2799999999995
RMN,VQS,E,2014,148.95,37.2375,2019,203.74,50.935,VQS2,54.78999999999999,2,9.158,10.129,10.752,40.406275,-105.799238,3623,1.0389705942568146,-2.61618817598279,163,185.5,198,230,241.66666666666663,256,1.1377554694916645,1.2311955753000097,1.3210702422394789,1.5603550323813165,1.7148266535765475,1.9054542683870048,97.27000000000004,155.94333333333333,228.30999999999997,833.3499999999996,997.6716666666662,1279.72
RMN,VQS,N,2010,340,85,2014,243.45,60.8625,VQS1,-96.55,1,8.222,8.6514,9.284,40.406275,-105.799238,3623,1.9829074294958855,-2.8429385744665168,161,179.2,208,223,245.6,265,1.0254915040058332,1.2419018386888654,1.313943420489753,1.2428471332552355,1.5415249501551862,1.7874418570546082,146.01000000000002,202.622,256.32,710.8800000000001,1057.5739999999998,1423.2799999999995
RMN,VQS,N,2014,243.45,60.8625,2019,187.6,46.900000000000006,VQS2,-55.849999999999966,2,7.993,8.6435,9.65,40.406275,-105.799238,3623,1.4233688175078063,-3.166362911208012,163,185.5,198,230,241.66666666666663,256,1.121272345803474,1.190055384305686,1.2523251699745896,1.4526524028462486,1.5964617071674276,1.773931357956228,97.27000000000004,155.94333333333333,228.30999999999997,833.3499999999996,997.6716666666662,1279.72
RMN,VQS,S,2010,214,53.5,2014,154.39,38.5975,VQS1,-59.610000000000014,1,10.696,11.3214,12.503,40.406275,-105.799238,3623,0.6722167961006823,-1.9260245517968544,161,179.2,208,223,245.6,265,1.2077364644232675,1.4309890176855538,1.505255227603562,1.5884603692198205,1.970195067410763,2.2844970038908547,146.01000000000002,202.622,256.32,710.8800000000001,1057.5739999999998,1423.2799999999995
RMN,VQS,S,2014,154.39,38.5975,2019,165.70000000000002,41.425,VQS2,11.31000000000003,2,10.608,11.575666666666667,12.5,40.406275,-105.799238,3623,0.2126390854483487,-2.1419257067450808,163,185.5,198,230,241.66666666666663,256,1.165746817586209,1.328695759244703,1.497080719909924,1.8566086773113537,2.0404087397059567,2.267229480144836,97.27000000000004,155.94333333333333,228.30999999999997,833.3499999999996,997.6716666666662,1279.72
RMN,VQS,W,2010,244,61,2014,162.1,40.525,VQS1,-81.9,1,9.237,9.9812,10.876,40.406275,-105.799238,3623,0.6445057160396896,-2.837810993105679,161,179.2,208,223,245.6,265,1.2355639666309362,1.4546753738534306,1.5350260861570728,1.6466667341881205,2.042389435853698,2.3682084196454523,146.01000000000002,202.622,256.32,710.8800000000001,1057.5739999999998,1423.2799999999995
RMN,VQS,W,2014,162.1,40.525,2019,158.18,39.545,VQS2,-3.919999999999987,2,8.986,10.112,11.448,40.406275,-105.799238,3623,0.21302052520434253,-2.9932248413172595,163,185.5,198,230,241.66666666666663,256,1.168766389276671,1.348129424638408,1.5350260861570728,1.924640870225286,2.115175965939097,2.3503081575518254,97.27000000000004,155.94333333333333,228.30999999999997,833.3499999999996,997.6716666666662,1279.72
YNP,BLP,E,2011,160.8,40.2,2016,207,51.75,BLP1,46.19999999999999,1,11.195,12.698,14.822,44.700184,-109.826731,3195,1.9958724292964336,-0.1529397750944148,163,186.83333333333337,208,229,241.83333333333337,259,0.9182509638249976,1.196982375424062,1.4590423419258336,1.2186168217074729,1.5303638366697183,1.6919285137750089,122.00999999999998,197.31166666666664,300.78000000000003,993.2799999999996,1230.9599999999996,1521.719999999999
YNP,BLP,N,2011,142.75,35.6875,2016,278.5,69.625,BLP1,135.75,1,9.02,10.121666666666666,11.933,44.700184,-109.826731,3195,1.627726082431657,-1.9045530445937513,163,186.83333333333337,208,229,241.83333333333337,259,0.9940583416314432,1.2966342295127349,1.5997787401503625,1.420455502533591,1.7838369649534842,1.9721614903672349,122.00999999999998,197.31166666666664,300.78000000000003,993.2799999999996,1230.9599999999996,1521.719999999999
YNP,BLP,S,2011,187.15,46.7875,2016,279,69.75,BLP1,91.85,1,11.187,12.933333333333334,15.344,44.700184,-109.826731,3195,0.9557206502991707,-0.6115689597105965,163,186.83333333333337,208,229,241.83333333333337,259,1.0455576330905056,1.3568801931281262,1.6892517156562414,1.5825445657224195,1.987391713423386,2.1972060678710976,122.00999999999998,197.31166666666664,300.78000000000003,993.2799999999996,1230.9599999999996,1521.719999999999
YNP,BLP,W,2011,212.2,53.05,2016,220.5,55.125,BLP1,8.300000000000011,1,9.616,10.466333333333333,11.915,44.700184,-109.826731,3195,1.2123309421346122,-1.9413194233844275,163,186.83333333333337,208,229,241.83333333333337,259,1.037764785799036,1.3478392302304758,1.6756699834083095,1.5566471052152595,1.9548691548013837,2.1612500141830875,122.00999999999998,197.31166666666664,300.78000000000003,993.2799999999996,1230.9599999999996,1521.719999999999
YNP,SCP,E,2011,95,23.75,2016,108.5,27.125,SCP1,13.5,1,11.678,13.870333333333333,16.063,44.695765,-109.834566,3122,1.3909001528490073,0.18743261311923284,163,187.66666666666663,208,226,239.5,257,0.9747449635316884,1.256650454955432,1.5348956176833457,1.3481729922978656,1.6752139975996974,1.8473726736009108,119.97,194.115,295.51000000000005,967.9400000000002,1198.5483333333334,1481.0199999999993
YNP,SCP,N,2011,215.6,53.9,2016,221.5,55.375,SCP1,5.900000000000006,1,8.752,9.892333333333333,11.013,44.695765,-109.834566,3122,2.0537547314209843,-1.8141362617108856,163,187.66666666666663,208,226,239.5,257,0.930300535968266,1.1990780236330707,1.4538659836863517,1.2347375360032575,1.5342612672791285,1.69193448920372,119.97,194.115,295.51000000000005,967.9400000000002,1198.5483333333334,1481.0199999999993
YNP,SCP,S,2011,178.6,44.65,2016,195.5,48.875,SCP1,16.900000000000006,1,12.275,13.509166666666667,15.223,44.695765,-109.834566,3122,0.529940689881027,-0.4001486063145361,163,187.66666666666663,208,226,239.5,257,1.0770055250186317,1.375963526502103,1.7055187742580795,1.6585825481575236,2.060922980004468,2.272720262074951,119.97,194.115,295.51000000000005,967.9400000000002,1198.5483333333334,1481.0199999999993
YNP,SCP,W,2011,243.5,60.875,2016,285,71.25,SCP1,41.5,1,8.714,9.615666666666666,10.668,44.695765,-109.834566,3122,1.0260936338119158,-2.533997002128532,163,187.66666666666663,208,226,239.5,257,1.0616356203729342,1.3586535954908316,1.6795397721288712,1.6063146931060084,1.995975942119092,2.2010987359936984,119.97,194.115,295.51000000000005,967.9400000000002,1198.5483333333334,1481.0199999999993
YNP,SPP,E,2011,51.05,12.7625,2016,73.5,18.375,SPP1,22.450000000000003,1,10.259,12.7445,14.943,44.701613,-109.835067,3169,2.8194677332402778,0.00936488426513792,162,186.16666666666663,207,233,243.66666666666663,261,0.8263134312614429,1.0670146509537035,1.2716268464287648,1.0135835435958067,1.2708415573094307,1.4054311863434308,121.84999999999997,196.73166666666663,299.5699999999999,990.89,1229.5249999999996,1521.0899999999997
YNP,SPP,N,2011,96.2,24.05,2016,138,34.5,SPP1,41.80000000000001,1,9.933,12.130666666666666,13.517,44.701613,-109.835067,3169,2.283058042735161,-0.757761120462028,162,186.16666666666663,207,233,243.66666666666663,261,0.906734048617276,1.179747735713592,1.4342200976019592,1.1910211388014105,1.493314654116389,1.6514654984703276,121.84999999999997,196.73166666666663,299.5699999999999,990.89,1229.5249999999996,1521.0899999999997
YNP,SPP,S,2011,114.8,28.700000000000003,2016,145,36.25,SPP1,30.19999999999999,1,8.627,10.4975,11.183,44.701613,-109.835067,3169,1.3464879311228375,-2.345783578154038,162,186.16666666666663,207,233,243.66666666666663,261,1.0417297834080677,1.3495832433657415,1.6769915320046966,1.5689969522550682,1.9672246484427147,2.1755653610497223,121.84999999999997,196.73166666666663,299.5699999999999,990.89,1229.5249999999996,1521.0899999999997
YNP,SPP,W,2011,128.65,32.1625,2016,166.5,41.625,SPP1,37.849999999999994,1,10.527,11.940999999999999,14.265,44.701613,-109.835067,3169,1.0309257628828143,-1.2556925215943482,162,186.16666666666663,207,233,243.66666666666663,261,1.0571390097199165,1.3672557584151388,1.703665271201705,1.6211463387409404,2.0326100899814787,2.247875507143756,121.84999999999997,196.73166666666663,299.5699999999999,990.89,1229.5249999999996,1521.0899999999997
YNP,WSP,E,2011,48.55,12.1375,2016,62.5,15.625,WSP1,13.949999999999996,1,10.253,12.5295,14.391,44.694275,-109.837219,3124,1.5076334204783608,-0.5961800543670186,163,188,209,225,238.83333333333337,257,0.9686319579253566,1.2501796489539974,1.5237545166285775,1.3329588456627892,1.658847223485069,1.8268192647399004,119.29,193.085,293.9,959.0500000000004,1186.4416666666666,1465.3800000000006
YNP,WSP,N,2011,174.45,43.6125,2016,227,56.75,WSP1,52.55000000000001,1,9.121,9.963166666666666,11.288,44.694275,-109.837219,3124,1.4134530820768567,-1.9943706266006689,163,188,209,225,238.83333333333337,257,1.0016484240950432,1.2911064749423524,1.5783329520317988,1.4230680815293086,1.7709868114505265,1.9503139161671157,119.29,193.085,293.9,959.0500000000004,1186.4416666666666,1465.3800000000006
YNP,WSP,S,2011,157.75,39.4375,2016,191.5,47.875,WSP1,33.75,1,11.8,13.791500000000001,15.608,44.694275,-109.837219,3124,0.6976095236013934,-0.23710268061639445,163,188,209,225,238.83333333333337,257,1.0523974503011044,1.349229647875016,1.662591326337748,1.576850056947222,1.9623661655649516,2.161072017347286,119.29,193.085,293.9,959.0500000000004,1186.4416666666666,1465.3800000000006
YNP,WSP,W,2011,321.1,80.275,2016,387,96.75,WSP1,65.89999999999998,1,9.069,9.915666666666667,11.051,44.694275,-109.837219,3124,0.944510330055381,-2.326880588507418,163,188,209,225,238.83333333333337,257,1.0594349023678804,1.3572260211900908,1.6744706532464018,1.6000621470518543,1.991253262377164,2.1928841723256625,119.29,193.085,293.9,959.0500000000004,1186.4416666666666,1465.3800000000006
